"pear_id","tree_id","ecotr_id","species","climate","week_5","week_6","week_7","week_8","week_9","week_10","week_11","week_12","week_13","week_14","week_15","week_16","week_17","week_18","week_19","week_20","week_21","week_22","week_23","week_24"
1,1,1,"Conference","Scenario 1",4.25925752629832,4.37753425012163,4.44960695281975,4.51639174364438,5.22497861941734,5.52311799611847,5.66112161713119,6.3127862038297,6.47766662591846,6.60598319840576,7.10130775023628,7.15970125155939,7.71614021443915,7.95331003391212,8.19047985338509,8.30415721042083,8.40296407463019,9.15539663212898,9.78295088970299,9.78295088970299
2,1,1,"Conference","Scenario 1",3.77331052524085,4.20341794556918,4.50891453368633,4.63224702823931,5.32770812787248,5.78782173210547,6.35592412798309,6.49178314525251,6.62764216252193,6.76350117979135,7.29315769286215,7.87495214586481,8.45529050701584,8.71315318046238,8.97101585390893,9.22887852735547,9.48418317092688,9.73948781449828,10.1013924093986,10.463297004299
3,1,1,"Conference","Scenario 1",3.87301102298091,4.39808496834203,4.63348394904625,4.86888292975047,5.10428191045469,5.30913854504473,5.51399517963477,6.03976895366193,6.07154240711468,6.24112348215791,6.41070455720114,6.94284522610126,7.09824212245203,7.25363901880281,7.47284315969467,7.75090757890061,8.05580536184031,8.36070314478,8.40510956869755,9.45027754644769
4,1,1,"Conference","Scenario 1",3.79487675792997,4.44767421462338,4.61667142269483,4.93248826291595,5.24830510313707,5.27395721007795,5.29960931701883,5.8654937128919,6.19899379738826,6.49631206012149,6.77935519732239,6.8028956834589,6.82643616959542,7.41578044175984,7.72581600757234,NA,NA,NA,NA,NA
5,1,1,"Conference","Scenario 1",3.94133086411119,4.09636934305384,4.65917598613292,4.85569082733378,5.05220566853465,5.37183508387199,5.91658289180164,6.09487377409546,6.27316465638928,6.6456027901606,7.01804092393193,7.52813094258585,7.86410671311069,8.20008248363553,8.91785698015366,8.9268649237331,9.10926182339735,9.29165872306159,9.47405562272584,10.0913184443834
6,1,1,"Conference","Scenario 1",3.75304891587334,4.80361748160622,4.85929340723805,4.91496933286988,5.16180985841085,5.94902558604462,6.2677580127028,6.46714441378138,6.66653081485996,6.81259703277007,7.56412368233722,7.86952210014739,8.17492051795756,8.26476539737469,8.35461027679182,8.81353230594805,9.20885094421552,9.68191573475019,10.1549805252849,10.1549805252849
7,1,1,"Conference","Scenario 1",4.66391736485557,4.71440152865467,4.76488569245377,5.13841207893071,5.51193846540766,5.74200809227285,5.97207771913803,6.01339591671123,6.05471411428443,6.43630020478739,6.81788629529035,7.13890535994704,7.53774669867892,7.89667611937224,8.32784899664282,8.7590218739134,8.86862615196996,8.97823043002652,9.36398458474133,9.55082203488621
8,1,1,"Conference","Scenario 1",3.98179521132887,4.00545587268833,4.0291165340478,4.74679225405152,5.17780012317473,5.4504548934552,5.57341891304539,5.58116311980486,6.10590866128951,6.55189576532423,7.06157398409826,7.34576300093078,7.62995201776329,7.93538415283669,8.37320425507513,8.54795837356126,8.7227124920474,8.86280514133961,9.48248754874886,10.0100063269541
9,1,1,"Conference","Scenario 1",3.78708544610205,4.61784290870537,4.75222988218651,4.88661685566764,5.02100382914878,5.40812218310515,5.53403409430995,5.65994600551474,5.96139182279691,6.02106150229724,6.61097533115851,7.57260371079948,7.6336571063715,7.69471050194352,8.05752523895404,8.2038366015935,8.35014796423295,9.18195926225913,9.18195926225913,9.18195926225913
10,1,1,"Conference","Scenario 1",4.16054385551463,4.39573447009712,4.63092508467962,4.86611569926211,5.28078856220402,5.69546142514594,5.76723443658316,5.83900744802038,6.45557755788157,7.02452021171022,7.0956296251902,7.16673903867018,7.19324395801351,7.40811256613826,8.0060874505249,8.25881381607006,8.81821302200402,8.98018331237887,9.65623007916188,9.65623007916188
11,1,1,"Conference","Scenario 1",3.49136824807039,4.66049341118331,4.95526313759734,5.25003286401137,5.52868108939092,5.80732931477046,6.08597754015001,6.27419171782748,6.46240589550495,6.67739664039222,7.40886216845251,7.86843470915571,8.07496732657141,8.4228099502359,8.77065257390038,8.97298108234878,9.17530959079717,9.37763809924557,9.4405256377359,9.50341317622624
12,1,1,"Conference","Scenario 1",3.91990660865503,4.42086386485735,5.28154997044892,5.56780040685392,5.85405084325892,5.8814067403389,5.90876263741889,6.37610521535555,6.84344779329222,7.37931565449259,7.67579115051151,7.97226664653044,8.26874214254936,8.48800747918533,8.70727281582129,8.92653815245726,9.45425342111441,9.90555156190467,10.3568497026949,10.3568497026949
13,1,1,"Conference","Scenario 1",4.68207692027915,4.75487932027232,4.96393226128392,5.17298520229552,NA,NA,NA,NA,NA,NA,NA,NA,NA,NA,NA,NA,NA,NA,NA,NA
14,1,1,"Conference","Scenario 1",3.53742602255293,4.29223261172501,4.63889852356236,4.76611195977703,4.86577047820842,5.71353240268411,5.74284492302439,5.77215744336468,5.80146996370497,6.70343908375022,6.96322619009285,7.22301329643548,7.48280040277811,7.58010144312657,7.99461736062587,8.40913327812516,8.50320033763053,8.5972673971359,8.90368404074551,9.21010068435512
15,1,1,"Conference","Scenario 1",4.25545735798672,4.31517725795596,4.51554577640185,4.71591429484774,4.95279986009978,5.18968542535182,5.24235252984859,6.33316560048657,6.37974163711183,6.42631767373709,6.74394560643758,7.13964506025024,7.53534451406291,7.97032822758929,8.40531194111568,8.88122440439559,9.03614920506974,9.19107400574389,9.34599880641804,9.34599880641804
16,1,1,"Conference","Scenario 1",3.3871342399119,3.86699477564571,4.71674832892216,5.33915875556736,5.40342971053466,5.81274071659585,6.58775018347027,6.86436862708212,7.14098707069397,7.41760551430582,7.75646888763926,7.84283947138946,8.1161015458162,8.16114438039424,8.78306416631837,8.99569545600685,9.17120252301663,9.52573959301473,9.67374510877648,10.2878358324823
17,1,1,"Conference","Scenario 1",3.44826809776259,4.75890392799078,4.8559445823822,4.95298523677363,5.05002589116506,5.61425770816862,5.79893725503071,5.98361680189281,6.38837231988674,6.6427120406871,7.30703331187984,7.33048550728068,7.54504857099828,7.91667902629468,8.18280969431299,8.46995387072679,8.75709804714059,9.40702185379977,10.0569456604589,10.0569456604589
18,1,1,"Conference","Scenario 1",4.31836538945674,4.59440108202586,4.71534022777368,4.83627937352149,4.91646425977686,5.56494533883482,5.94976491996365,6.33385888783777,6.71795285571188,6.74094172236188,6.76393058901187,6.78691945566186,7.56627565175296,7.62053845542592,8.6111157919215,8.75575120294627,8.90038661397103,9.04502202499579,9.76895044356706,9.76895044356706
19,1,1,"Conference","Scenario 1",3.8930605609898,3.92682557521212,4.25194046946826,5.6218860050504,5.74156416113465,5.86124231721891,5.98092047330317,6.10059862938742,6.44258123875007,6.78456384811272,7.0910056070912,7.36395377320566,7.44825594744485,7.53255812168404,8.06843229128131,8.30458080474203,8.88039672392147,9.16841583980468,9.21890283184004,9.2693898238754
20,1,1,"Conference","Scenario 1",4.17009991048627,4.59295831665626,4.60920351982646,4.62544872299665,5.13959257785588,5.44312101055477,5.61342050881491,6.05806014448735,6.74584376148899,6.81094050081233,6.87603724013568,6.89928897253196,7.62709447699004,7.75145833497762,7.98242626857606,8.8174576312747,8.84857510153265,8.87969257179061,9.35115067608183,9.35115067608183
21,1,1,"Conference","Scenario 1",3.5431016006682,4.4562266671688,4.63967979117542,4.80712330855052,4.97456682592563,5.25099350509176,5.56873465844903,6.04133136284556,6.24681353788323,6.57119700285893,6.89558046783462,7.30793391274832,7.66719944511819,7.871042695161,8.07488594520381,8.27872919524662,8.50026740590192,9.03070008913909,9.17345799742833,9.17345799742833
22,1,1,"Conference","Scenario 1",3.94601322484151,3.96231323871947,4.6413941441349,4.80075217072117,4.96011019730744,5.6911281511142,5.78559944383849,5.97647441653802,6.16734938923756,6.79040179875027,7.71150083616399,7.88050680090782,8.04951276565166,8.21851873039549,8.81205123382933,8.85362384721765,8.98596295804303,9.1183020688684,9.25064117969378,9.77120700807322
23,1,1,"Conference","Scenario 1",4.08838755665045,4.11780421766485,4.14722087867925,4.80828077398498,5.02761578261655,5.24695079124812,5.62491082998562,5.94056970442016,6.55049466572209,6.61380214882254,6.83579128576034,7.1247473491237,7.41370341248707,8.13984560370557,8.32076472627191,8.50168384883825,8.53218351240815,8.56268317597805,8.8132624631834,9.50949435530267
24,1,1,"Conference","Scenario 1",3.45041772103778,4.22353994843032,4.83851505256061,5.00780825693251,5.17710146130441,5.3463946656763,5.4085455529341,5.47069644019189,6.18622108279757,6.5272695387195,6.61076730413553,6.69426506955155,7.38250719483052,7.45841041524783,7.68671977530608,8.13484352162974,8.5829672679534,8.84745253746277,8.95354560618218,9.05963867490159
25,2,1,"Doyenne","Scenario 1",2.80324507103549,4.0440160089013,4.12646256556914,4.20890912223698,4.25036417545192,4.29181922866686,4.54678354714567,4.80174786562447,4.84098411315721,4.88022036068995,5.13653567400366,5.65578808999995,5.96951132825365,6.59572541332794,6.61576733304602,6.6358092527641,6.72901934182676,7.68545164907161,7.68545164907161,7.68545164907161
26,2,1,"Doyenne","Scenario 1",3.5705271251005,3.7092679650679,3.7947446325674,3.88022130006691,4.45463028861824,4.4684120843719,4.48399810513546,5.17864107456873,5.30392848342766,5.60533562182504,6.01765591549874,6.42997620917244,6.50875050733295,6.58752480549345,6.66629910365396,7.02826419949891,7.39022929534387,7.98732356509158,8.02777855723349,8.02777855723349
27,2,1,"Doyenne","Scenario 1",3.01432835518562,3.61731913149127,3.76409676912352,3.91087440675578,4.12017383100486,4.20058224385696,4.73307625878197,4.75353679140571,5.36081506278575,5.7122885930026,5.72805035409554,5.74381211518847,6.29402162919467,6.60642553804703,6.84624120078468,7.0936613466973,7.22937174659709,7.36508214649688,7.60804680913366,7.85101147177045
28,2,1,"Doyenne","Scenario 1",2.82201452215272,3.42525244381074,3.55051244326762,3.73920022668849,4.13413706156088,4.52907389643328,5.58493568034657,5.59792140345058,5.61090712655459,5.6238928496586,5.77574324283862,6.10754110170508,6.50583435654252,6.62115918061332,6.73648400468412,7.50368968235504,7.55157567926421,7.59946167617338,7.64734767308255,7.80664795938702
29,2,1,"Doyenne","Scenario 1",2.71081008299699,3.26368890844679,3.82513828868968,4.14758524466275,4.21552875944575,4.28347227422875,5.28648888527687,5.33148718568446,5.37648548609205,5.42148378649964,5.46648208690723,6.29416203034844,6.49417753598152,6.6941930416146,6.70196788959818,6.70974273758176,7.24328639442538,7.53580273052332,7.82831906662126,7.96378424479098
30,2,1,"Doyenne","Scenario 1",3.60853688113174,3.65792099954513,3.70730511795852,3.75668923637191,4.44180865825742,4.51968628961802,4.54798708482334,4.88912539829559,5.32509659896291,5.48757889302391,5.67125492396114,5.86186023202856,6.1699373735198,6.47801451501104,6.70067562034118,7.21044810252861,7.35300639204531,7.49556468156201,7.6381229710787,7.9421106085557
31,2,1,"Doyenne","Scenario 1",3.01272488426051,3.67998634618645,3.77506344193043,NA,NA,NA,NA,NA,NA,NA,NA,NA,NA,NA,NA,NA,NA,NA,NA,NA
32,2,1,"Doyenne","Scenario 1",2.91446163451463,3.1819559721119,4.11923062892101,4.19676753539736,4.27430444187371,4.54156178493948,4.80881912800524,5.14290157944972,5.4769840308942,5.76780976232844,5.77473232940748,6.53631767029773,6.56829259281024,6.60026751532274,6.74086958924301,7.25945439984116,7.35077815637485,7.44210191290854,7.73070877127469,8.59779736314839
33,2,1,"Doyenne","Scenario 1",3.33045993295112,3.81273164993968,4.29500336692823,4.41462220400271,4.53424104107719,4.64203008217444,4.7372739531244,5.13981167136027,5.26512950218496,5.41300816309249,5.89003496398236,6.03471124469122,6.17938752540007,6.50291530060152,6.82644307580296,7.11618174401643,7.53001924721891,7.63853553193276,7.89727843181586,8.49579882437518
34,2,1,"Doyenne","Scenario 1",3.45446312984681,3.68616681636118,3.91787050287555,3.94977928450489,4.56621308125016,4.83023258567688,4.93484282882287,5.03945307196886,5.14406331511485,5.24867355826084,5.35643466629078,6.03586235863401,6.04398774449888,6.97992117196605,7.15809695442358,7.33627273688111,7.51444851933863,7.51444851933863,7.51444851933863,7.51444851933863
35,2,1,"Doyenne","Scenario 1",2.30924418956124,3.53737352040111,4.10532216164621,4.23314456088448,4.36096696012274,4.488789359361,4.6444939399882,4.8001985206154,5.30932270251829,5.39274726772876,5.47617183293924,5.99093421100653,6.09685131864221,6.60828511564601,6.81538928856158,7.02249346147715,7.3675092859138,7.40398227321118,7.44045526050856,7.81757952956871
36,2,1,"Doyenne","Scenario 1",3.12080309312702,3.59807393334844,4.07534477356986,4.08668635076252,4.09802792795518,4.25822636035678,4.41842479275837,4.61325422177201,5.03458274401126,5.36742330120026,5.61752144350392,5.86790830921767,6.11829517493142,6.24135700919214,6.36441884345287,6.73493156237967,7.61234792740637,7.61234792740637,7.61234792740637,7.61234792740637
37,2,1,"Doyenne","Scenario 1",3.23735702557696,3.46283930780308,3.6883215900292,3.91380387225533,3.94223490767701,4.2723944916619,4.44395611885892,4.90280199616967,4.95702314882375,5.01124430147784,5.07285219021093,5.13446007894402,5.19606796767711,5.86544446691828,6.35990955972404,6.38547517384089,6.41104078795774,6.65207240342239,7.05063403853572,7.05063403853572
38,2,1,"Doyenne","Scenario 1",3.0323793165292,3.77692412691988,3.80360158740321,3.83027904788655,4.02604504956958,4.46374153315435,4.90143801673912,5.02578205568585,5.15012609463258,5.27447013357931,5.53882126724913,5.80317240091895,6.33865053902733,6.38765960610047,6.43666867317361,6.52514946928785,6.61363026540209,6.63266716616929,6.97877651933352,7.43989061819454
39,2,1,"Doyenne","Scenario 1",3.50885602363244,3.56527924489675,3.62170246616106,4.25889548775817,4.36604642721709,4.47319736667602,4.65694576429278,5.19238343845734,5.56350222571318,5.75304923710221,5.94259624849124,6.13214325988027,6.24004339972498,6.34794353956968,6.86053582853141,7.0298122138321,7.03065669271852,7.14337216290851,7.30853348644582,7.47369480998312
40,2,1,"Doyenne","Scenario 1",3.25252736523073,3.55020678815563,4.07895862294234,4.29216516465684,4.50537170637133,4.71857824808582,5.18328662872606,5.37036435092288,5.55744207311969,5.80792277329035,6.20952333024931,6.61112388720826,7.01272444416722,7.07622999080674,7.13973553744626,7.20324108408579,7.25899945441753,7.55590074656921,7.85280203872089,8.49203208758977
41,2,1,"Doyenne","Scenario 1",3.46499093720696,3.94445472504803,4.4239185128891,4.81931406649736,5.21470962010562,5.61010517371387,5.69937362529057,NA,NA,NA,NA,NA,NA,NA,NA,NA,NA,NA,NA,NA
42,2,1,"Doyenne","Scenario 1",3.20253137757111,3.22616500628746,3.59144256602757,4.03194962598358,4.323404663691,4.61485970139841,5.02661654339553,5.33535478972349,5.4098975152292,5.48444024073491,6.25123469722466,6.49908086218146,6.74692702713826,6.84791957821015,7.07115212615878,7.29438467410741,7.73983321084216,8.00633451348537,8.27283581612859,8.27283581612859
43,2,1,"Doyenne","Scenario 1",3.43185745153435,3.61045168115471,3.78904591077506,4.164090603041,4.65856205558442,4.96388787972013,5.26921370385583,5.57453952799154,5.70469524849677,5.834850969002,5.96500668950723,6.06129951348874,6.98066229648447,7.0207192483459,7.06077620020733,7.10083315206876,7.28007562983143,7.53368323070269,7.71078774218843,8.17566118093793
44,2,1,"Doyenne","Scenario 1",2.96360572425977,3.30321331602337,3.7389934161733,4.15216446136976,4.1677075022216,4.23569249134164,4.32313083867863,5.0595544221301,5.3239162896106,5.60206693692908,5.75752595207834,6.01284201319725,6.29830362728454,6.58376524137183,6.92190734135441,7.44755006260893,7.785264926387,7.81796239198992,7.85065985759283,8.14925352998678
45,2,1,"Doyenne","Scenario 1",2.98085532727726,3.27878158032456,3.43952081416136,3.94125993414647,4.16920735084529,4.39715476754412,4.51568921800819,4.7579052148251,5.29467653685839,5.93261892886072,5.98169773117468,6.03077653348863,6.07985533580258,6.34670264961688,6.61354996343118,6.88240510693491,7.15126025043864,7.28594475153032,7.42062925262201,7.42062925262201
46,2,1,"Doyenne","Scenario 1",3.28259996963571,3.65440928205069,4.02621859446567,4.04839642666396,4.07057425886225,4.09275209106054,4.45620966890115,5.19070683418155,5.59897840421746,5.61642600651225,5.74272516351196,5.86902432051168,6.04668809098261,6.43884075635065,6.59752622938231,7.12662054641276,7.32818901874817,7.53709430337049,7.74599958799281,7.74599958799281
47,2,1,"Doyenne","Scenario 1",3.49021298488408,3.95293336187158,4.41565373885909,4.46710188027288,4.51855002168667,4.56999816310046,4.67978154825182,4.76866552345232,NA,NA,NA,NA,NA,NA,NA,NA,NA,NA,NA,NA
48,2,1,"Doyenne","Scenario 1",3.1790241615206,3.41614103478741,3.55089841346828,3.76089547241739,4.01799406428843,4.27509265615948,4.57799197826204,4.88422897107383,5.19046596388561,5.38487612717459,5.6668340641,5.94879200102542,6.23074993795083,6.51270787487625,6.71187477430002,6.91104167372379,7.03805567913804,7.63919916847203,7.63919916847203,7.63919916847203
49,2,1,"Doyenne","Scenario 1",3.33585323254714,3.4125703259074,3.47720979783032,4.33581013282805,4.39172373237103,4.41670708591886,4.53115855480359,4.88829243383933,5.18533276871084,6.14039246353076,6.23859883152683,6.3368051995229,6.43501156751896,6.53321793551503,6.92494225516389,7.32697676464997,7.72901127413606,7.77108816884665,7.81316506355724,7.85485319325383
50,3,2,"Conference","Scenario 2",4.08191757826611,4.41641095123147,4.58557262590216,4.85134503332277,5.67976924031873,5.75567765775383,5.83158607518892,6.04135226376023,6.7218314362222,6.87750058392369,7.03316973162519,8.0777314754921,8.13112030914445,8.2863061814111,8.77973711461548,9.27316804781987,9.36887687045821,9.40373428739237,9.90707036583695,9.90707036583695
51,3,2,"Conference","Scenario 2",4.21766857753203,4.88782711025513,5.03549085814667,5.28545899869736,5.36122181552942,5.97962389129124,7.00061509058562,7.19028257481618,7.37995005904674,7.5696175432773,8.06185492879094,8.45589855221477,8.81987398867683,9.18384942513888,9.3394958416663,10.0570503824566,10.1962605097053,10.723943537263,10.723943537263,10.723943537263
52,3,2,"Conference","Scenario 2",3.57731833624866,4.79174115406953,5.07435741388513,5.35697367370073,5.45038692302196,6.21307539074423,6.37656298290522,6.50637834098955,6.63619369907388,7.44122256892025,7.728961882022,7.75436046197788,8.01728114380715,8.28020182563643,9.11623562476957,9.22393857442951,9.51723815516248,10.361123222515,10.361123222515,10.361123222515
53,3,2,"Conference","Scenario 2",4.07126112115698,4.25359444847856,5.30732635885747,5.47564215989725,5.64395796093703,5.99532251244299,6.3752391252178,6.75515573799261,6.98566470131407,7.21617366463553,7.37273754762293,8.51569755863996,8.94684865821437,9.37799975778879,9.56385093047149,9.74970210315418,9.93555327583688,10.2443363944122,10.5531195129876,10.5531195129876
54,3,2,"Conference","Scenario 2",3.77367742734865,4.56826343529603,4.68132479631423,5.18752623570331,5.55869836767512,5.73799518093482,5.95799461828223,6.31217969204758,6.70815271754438,7.26986691706916,7.90319640672619,8.53652589638321,8.59994994644754,8.66337399651187,8.88964093504632,9.12236692676074,9.80886785181633,10.1766838741249,10.5444998964335,10.7919362581318
55,3,2,"Conference","Scenario 2",3.80358258098898,4.27728167725931,4.85243035451182,5.53407169441277,5.65047806275217,6.42983236778199,6.81699339462923,6.93308001534043,7.55607310573204,7.74826151133415,8.08485791688796,8.42145432244176,8.9413707132009,9.46128710396004,NA,NA,NA,NA,NA,NA
56,3,2,"Conference","Scenario 2",4.3659328541325,4.73020358447753,5.09447431482255,5.12397239563261,5.15347047644266,6.19532681805483,6.25555732469114,6.42328513902954,6.92815489837402,7.54053624863511,7.81461853252192,8.8040903787272,8.86817795323837,8.93226552774955,8.99635310226073,9.20095025251577,9.85791420937424,10.0371923222769,10.2164704351796,10.9726240249585
57,3,2,"Conference","Scenario 2",3.86856029264693,4.82555466707715,5.04831852188397,5.07039319860257,5.37178371148772,5.69401386150676,6.02427478792789,6.14094571598381,6.65942331730264,7.31448668239389,7.70867033531211,7.9845868304864,8.4119521847355,8.79949592934735,9.18397006038553,9.5684441914237,9.66149289698485,9.754541602546,10.2186106663042,10.4558198732206
58,3,2,"Conference","Scenario 2",4.37007885712709,4.80452062558958,5.12350277545622,5.18961099757391,5.67252752417415,6.34684808660145,6.63611877581587,6.92538946503028,7.21466015424469,7.46843758298823,8.02769426258724,8.82679875908649,9.07789026036438,9.32898176164228,9.5151732674971,9.70136477335193,10.0059926841962,10.4815559121185,10.9571191400408,10.9571191400408
59,3,2,"Conference","Scenario 2",4.14865188237246,4.4919704816955,4.66305773125319,5.48282316139789,5.92794825244276,6.37307334348763,6.52725681447744,6.70997201527505,6.89268721607267,7.57886913360084,7.6013735290336,7.90432961152379,8.69381033329672,8.96893740538389,9.24406447747106,9.92413273492297,9.97947043707222,10.0348081392215,10.5065900328348,10.9783719264482
60,3,2,"Conference","Scenario 2",3.68796134349382,4.58909122228859,4.86914950211049,5.36882047440532,5.90440621992154,6.27572974168578,6.64705326345002,6.74196855986512,6.90535614441974,7.37654128761207,7.61725678874457,8.17791065235623,8.66826719858982,8.84881105744094,9.3400412301706,9.49449892669547,10.301856095458,10.5503474604559,10.7988388254538,11.0064634043933
61,3,2,"Conference","Scenario 2",4.66491731870217,4.85749950728644,5.30299081210781,5.63609345995478,6.37412449111586,6.41533660608675,6.45654872105763,6.64280991468806,7.41541149086349,7.94072872829914,8.18983415568777,8.43893958307639,8.98360874131799,8.99380837076719,9.96051000781979,10.0811219067123,10.2017338056047,10.7522606737145,11.0282227206587,11.8899585445814
62,3,2,"Conference","Scenario 2",3.53600428940971,4.3439564081861,4.66372352287501,4.89842080110572,5.13311807933643,5.99647656287027,6.08560275784312,6.76531266860203,7.0440243325666,7.32273599653118,7.91497250810154,8.04630873281043,8.24995636530444,8.45360399779845,8.74872040438122,9.01202981095297,9.27533921752471,10.0316226485149,10.3183526816355,10.5736185208337
63,3,2,"Conference","Scenario 2",4.1267403138256,4.45713637903994,4.69341174557013,4.92968711210032,5.32995083449677,6.01136675973759,6.24368660341368,6.50627318306118,6.76885976270867,6.95744810372627,7.71741625446163,8.03345275781598,8.05380392988206,8.97297132875916,8.98456259591421,9.24646530416679,9.7947734578357,10.1930608758898,10.3670399938027,10.8420383727206
64,3,2,"Conference","Scenario 2",4.0164828171009,4.71457893182847,5.0955510515884,5.44342966214098,5.92531754335355,6.30876625051276,6.69221495767197,7.18505508147071,7.32080470732619,8.09332933541174,8.4677867195423,8.9147779870098,9.36176925447731,9.46916517743148,9.57656110038566,9.99928630446665,10.4747576071932,10.8552220326063,11.303730773994,11.4584950335118
65,3,2,"Conference","Scenario 2",3.598107841233,4.86120603534841,5.14594560028175,5.43068516521509,5.71542473014843,5.90705305433613,6.09868137852383,6.2320703147118,6.36545925089976,7.42801112490263,7.50013595267761,7.89164388277379,8.37904232823477,8.41438019599491,8.44971806375505,9.2536677361137,9.3159951043848,9.59526800799933,10.2663568791596,10.2663568791596
66,3,2,"Conference","Scenario 2",3.89015744106262,4.86319218634302,5.06474143799089,5.61474733174931,5.96358244986647,6.31241756798362,6.67741958002376,6.73920675536308,6.85026082969372,8.1542901015205,8.30246295561502,8.58900403723168,8.87554511884834,9.16208620046501,9.51787381255189,10.2532559656568,10.9886381187618,11.2355062415668,11.4823743643718,11.4823743643718
67,3,2,"Conference","Scenario 2",4.09100233223843,4.42517422252232,5.04539667727056,5.72589102234615,5.91668021789789,6.10746941344962,6.29825860900136,6.47667435970954,6.65509011041772,7.27615258123515,7.51265555513125,7.70159794049831,7.79711700313838,8.26373501690751,8.73035303067665,8.89691387383955,9.71002326539949,10.2418360927781,10.2912076495492,10.2912076495492
68,3,2,"Conference","Scenario 2",4.21109626510964,4.41972205994117,4.47472293209422,4.52972380424727,5.18674506714089,5.20910986362699,5.42441106166039,6.54236500120105,6.95151878276824,7.1622840085203,7.67294850575107,7.88823007938516,8.10351165301926,8.35077432274206,8.59803699246486,9.10942441605978,9.41554300274493,9.48631097981463,10.1631828153569,10.1631828153569
69,3,2,"Conference","Scenario 2",3.54514300703105,4.66958040217134,4.82483658940679,4.98009277664224,5.33999860818328,6.25704095654082,7.09886588362467,7.34828893134983,7.59771197907499,7.90222581364662,8.20673964821824,8.40125027599696,8.59576090377568,9.60724253143834,9.78566353902433,9.96408454661031,10.173073847548,10.3820631484857,NA,NA
70,3,2,"Conference","Scenario 2",4.53511019786814,4.5772800752002,4.68334944907593,5.30572755146605,5.34746786282664,5.74116413075504,6.2947391161843,6.45552824605976,7.23458666479756,7.24307324826941,7.25155983174125,8.27786280720988,8.54033752128394,8.802812235358,9.53953209664969,9.60881542376123,9.67809875087277,10.0529693533143,10.3246079644454,10.5962465755766
71,4,2,"Doyenne","Scenario 2",3.93808325131601,4.00798573744424,4.33232969635676,4.58972912301621,4.84712854967567,5.41391569469293,5.42381554371689,5.43371539274084,5.88442448797613,6.14754950668628,6.72875706146541,6.84112932306398,7.75835843577012,7.77672997741116,7.79510151905219,8.38338302644421,8.97166453383622,9.11595711197864,9.26024969012106,9.40454226826348
72,4,2,"Doyenne","Scenario 2",4.11180510001553,4.37641223482818,4.64101936964084,4.84391803413929,4.97874841333551,5.13345504337783,5.28816167342015,5.79355166837924,6.15600828260984,6.846650234732,6.94653514628457,7.04642005783713,7.53752709392536,7.87362048674306,8.20971387956076,8.52880201043685,8.81171904603103,9.09463608162521,9.17670174315403,9.69336492685678
73,4,2,"Doyenne","Scenario 2",3.30680604286338,3.93473616992457,3.95342024180098,3.97210431367738,4.55672300885535,4.72178003174165,4.96607257952602,4.98781973528169,5.88479100499649,6.13403875518862,6.38328650538075,6.63253425557287,6.65802526848477,6.74911143901562,6.84019760954647,7.23497275255856,7.29066359950186,8.24126006724426,8.8239210541938,8.8239210541938
74,4,2,"Doyenne","Scenario 2",3.74092645487318,4.27010671776293,4.53278235264281,4.79545798752269,5.33573998656537,5.45801311971176,5.58028625285816,5.74765647243781,5.77348828380567,6.82497817212493,6.97550386502478,7.12602955792463,7.43949201145122,7.63168199008874,8.57224346409104,8.58686810949514,9.12295870118797,9.3489313205397,9.57490393989142,9.73226707208615
75,4,2,"Doyenne","Scenario 2",3.04910932219319,3.30598406108315,3.75034952201453,4.28157902889141,4.49521351921706,4.84451617779022,5.18546689393382,5.52641761007742,5.86736832622102,6.2744345722915,6.68150081836198,6.90529257132384,7.12908432428569,7.35287607724754,7.57149570231321,7.69995163158156,7.79517605664215,8.14408011516693,8.49298417369171,8.49298417369171
76,4,2,"Doyenne","Scenario 2",3.87945333384276,3.98039760886876,4.08134188389476,4.18228615892076,4.83155518560432,5.20263199271594,5.57370879982755,6.153545494526,6.2649616763976,6.37637785826921,6.48779404014081,6.67309596987434,6.85839789960787,7.55525566252155,7.65307738017285,7.75089909782416,8.06715455796649,8.38341001810882,8.54280121237303,8.54280121237303
77,4,2,"Doyenne","Scenario 2",3.71619044468727,4.07414189139991,4.43209333811254,4.74934080428831,5.05133730753278,5.52838226302014,5.77543867000102,6.02249507698191,6.19408335269305,6.37996638088436,7.09352892315969,7.13919736487981,7.51259341126466,7.88598945764952,8.22560410552588,8.56521875340224,8.88954545001151,9.21387214662077,9.39148822421559,9.5691043018104
78,4,2,"Doyenne","Scenario 2",3.48010669776279,3.9906015010241,4.27890399354584,4.56720648606757,4.70414376842127,4.99953370108659,5.22727869042083,5.45502367975506,5.93117031440029,6.40731694904551,6.69206147608261,6.9768060031197,7.2615505301568,7.54619047233976,7.55400353407759,7.56181659581541,8.21367986972042,8.62282635730544,8.88595836724037,8.88595836724037
79,4,2,"Doyenne","Scenario 2",3.5624506912946,3.83640845896235,4.05670673117812,4.59355873989699,5.13041074861586,5.17680978925411,5.22320882989236,5.23051557927318,5.23782232865399,6.18161484095735,6.5117699562859,6.84192507161445,7.02023184851989,7.19853862542533,7.37684540233077,8.12989334938703,8.25401246513169,8.26478734801825,8.27556223090481,9.44132062828871
80,4,2,"Doyenne","Scenario 2",2.84695651393311,3.27571221971587,4.46002624136011,4.56847792990094,4.67692961844177,4.7853813069826,4.82687973339892,4.86837815981525,5.30875256418244,5.96808838309792,6.23445006979199,6.52729164827659,6.82013322676119,6.92419120592421,7.22191140955053,7.51963161317685,7.58840195611087,7.65717229904489,7.72378343565224,8.21713826290985
81,4,2,"Doyenne","Scenario 2",3.5020417590314,3.5059138113379,4.35166206537465,4.42311351090198,4.96958155065703,5.07408761646992,5.10708938770799,5.327087065506,5.9305449580863,6.29298931777207,6.53551524963476,6.7383240980947,6.96821099271291,7.42283886652207,8.46742005931766,8.53624690785235,8.60507375638704,8.88806816148739,8.9224489009534,9.12709140132373
82,4,2,"Doyenne","Scenario 2",3.17723154815784,3.68267478454224,3.78465260510467,4.19004618123902,4.49205232210686,4.98347526092139,5.00764143650214,5.39359367311834,5.84410835332523,6.19765840381804,6.23454921523293,6.27144002664782,7.35769562023327,7.40169231531454,7.44568901039582,7.49372785202035,8.5205955985833,8.72694490862571,8.93329421866812,9.09413719629192
83,4,2,"Doyenne","Scenario 2",3.661086884289,3.85086269255115,4.40795953202677,4.49686764413556,4.58577575624435,4.67468386835313,5.30544372028587,5.84372799243394,6.04916574324273,6.25460349405152,6.43300628659316,6.6114090791348,6.78981187167644,7.05577564643845,7.19356792044982,7.44395634535486,7.5378767197829,8.33707230975102,8.61222834780697,8.88738438586291
84,4,2,"Doyenne","Scenario 2",4.01503566432147,4.12707783855349,4.26110695354312,4.74515031729643,4.94743382634347,5.14971733539051,5.52338680864392,6.01602074385699,6.7919294569218,6.87695876944765,7.07522132742062,7.27348388539359,7.28015324891004,7.28682261242649,7.89359991138884,8.36965261837686,8.59731011000905,8.71995821536111,9.39463878089513,9.76712147729648
85,4,2,"Doyenne","Scenario 2",3.64472128238816,3.87819276094353,4.1116642394989,4.50263080113196,4.54139486079544,5.47481512755422,5.70405963133482,5.93330413511543,6.25611413469726,6.5789241342791,6.87565165962892,7.17237918497874,7.25619994990884,7.34002071483894,7.83587826424948,7.91296587955208,8.29878473244745,8.72432161378634,8.73146554092956,8.85326410857089
86,4,2,"Doyenne","Scenario 2",3.84954804141005,3.94621838941508,4.0428887374201,4.18403314680576,5.04797087007853,5.31333732494963,5.57870377982073,5.69239935123499,6.27312483249792,6.64505704620426,7.0169892599106,7.74525111610014,7.7629380632658,7.78062501043146,7.79831195759711,8.52463948923822,8.9502488125211,9.24132640524814,9.53240399797519,9.63281700610157
87,4,2,"Doyenne","Scenario 2",4.01550418952766,4.29310592761232,4.57070766569697,4.66844821419422,4.76618876269147,5.01487564577501,5.22512125065851,6.01479820031596,6.75469503315902,6.87063720643019,6.98657937970137,6.99291409431304,6.99924880892471,8.19290072966849,8.27480404995906,8.35670737024964,8.43861069054022,8.82129733810237,9.24324601358843,9.37810530584457
88,4,2,"Doyenne","Scenario 2",3.7741067784529,3.95100554136082,4.36046744612928,4.76992935089775,4.96331321507606,5.00281999977103,5.04232678446601,5.6394203432841,5.65148089382627,6.40956930474338,6.8006420569513,7.19171480915922,7.43717326731387,7.68263172546853,7.92809018362319,8.34411058032761,8.51265168580117,9.13287447809867,9.22167904544553,9.22167904544553
89,4,2,"Doyenne","Scenario 2",3.76285329945463,3.97196748809647,4.18108167673831,4.34846266409195,4.59573756188245,5.17048408353154,5.6305449959603,6.09060590838907,6.18626776372609,6.28192961906311,6.37759147440013,6.39032533144976,6.60531561619279,7.01206142128615,7.5428177390563,8.00852909376483,8.2456921506323,8.48285520749978,8.53732026232129,8.53732026232129
90,4,2,"Doyenne","Scenario 2",3.30147264899327,3.73509213331526,4.59507672324335,4.73549027779877,4.8759038323542,4.98951338381402,5.50419211900387,6.01887085419373,6.1240794828144,6.59418702595008,6.77127398398687,6.94836094202366,7.12544790006045,7.31298877075623,7.59288236916326,7.87277596757029,8.01061231877158,8.39107072559495,8.6852966074471,9.25162006218002
91,4,2,"Doyenne","Scenario 2",3.35825330140893,4.12556712673051,4.26876251324303,4.61908864134486,4.96941476944668,4.99058235411818,5.01174993878968,5.36332736900002,5.64729992699377,6.4006712433033,6.60862844007288,6.81658563684245,7.09434883032605,7.22349726605367,7.6653012557161,8.38301927796654,8.6110592302363,8.83909918250606,9.28104294488222,9.67320719934175
92,4,2,"Doyenne","Scenario 2",3.31310211719776,3.65286817450157,3.67605608838959,4.27166918622565,4.47262779146698,5.10112391205634,5.46221497208631,5.47595258603484,5.76051122202811,5.8488218383051,5.93713245458209,6.08221463651904,6.37194638676054,7.08744644613234,7.68565805960497,7.88824874231166,8.09083942501836,8.29343010772505,8.86377624160034,9.28907827251001
93,5,3,"Conference","Scenario 3",3.97039503833491,3.99867986918237,4.02696470002984,4.69212819109407,5.01221764043903,5.43285473035502,5.72843955346221,6.02402437656941,6.17549237481179,6.44565712128716,6.78913770532247,6.95071216582334,7.0253119024932,7.17539454466508,7.2445269920486,8.0041284078434,8.49075588758866,8.76174814263983,9.0627376564576,9.36372717027537
94,5,3,"Conference","Scenario 3",3.47665658899294,3.87072352168861,4.47713641453231,4.58693786224215,4.69673930995199,5.10564595445218,5.95084497615236,6.0793398991632,6.20783482217404,6.33632974518489,6.54673613886231,6.75714253253973,7.39645636049681,7.50543829842752,8.02821359606615,8.25374552240135,8.47927744873655,8.70950162090685,8.93972579307715,9.48540088689823
95,5,3,"Conference","Scenario 3",4.19449221063133,4.41953045655729,4.50772225713276,4.78948113064087,5.38309255777789,5.63554364142422,5.88799472507056,5.98190417534545,6.07581362562034,6.97093165497286,7.05713980636063,7.1433479577484,7.22955610913617,7.5261601722842,7.82276423543223,8.48295481774833,8.56162858992933,9.06217647426249,9.56272435859564,9.56272435859564
96,5,3,"Conference","Scenario 3",3.70964205934646,4.14936571600505,4.66687857749411,4.70415027322606,5.21946644270334,5.37723468277063,5.39489326499671,5.90785570627262,5.93557548874854,6.52238348221534,6.97140460940458,7.06146937303708,7.64800776094341,7.74710285589349,7.84619795084357,8.7082787136072,8.82285465558593,9.24658122058064,9.67030778557535,9.95210917262929
97,5,3,"Conference","Scenario 3",4.39965764998333,4.50497333841948,5.03985330148487,5.20531828214987,5.37078326281487,5.53624824347987,5.74986189089137,6.02491019785373,6.72659319025239,6.73536704234921,6.9427793629347,7.15019168352019,7.60129433974404,7.98437668439251,8.58660549507354,8.95861160641954,9.33061771776554,9.41960572544732,9.5085937331291,9.6036175956414
98,5,3,"Conference","Scenario 3",4.08606052437798,4.18564447052635,4.28522841667472,4.65013387455054,5.01571384350844,5.34565024956835,5.89107528966402,6.0791174384001,6.26715958713617,6.45520173587224,7.08238966791307,7.29895079596341,7.51551192401375,7.81540909266955,8.11530626132535,8.18247757567939,8.39277577527909,9.09212083168832,9.1104290345887,9.62425303123831
99,5,3,"Conference","Scenario 3",3.81114745109291,3.84308930965344,4.81229660444164,5.05084210095445,5.09035891149898,5.26060706680621,5.961501905231,6.17616171112328,6.39082151701556,7.27369052831995,7.36886722645075,7.46404392458154,7.55922062271234,7.98463154634279,8.26564348071201,8.67399328433774,8.73749989766508,NA,NA,NA
100,5,3,"Conference","Scenario 3",3.87170464819798,4.18474564378886,4.29402489595554,4.74819554854864,5.04102107130678,5.28349741986346,5.77632282983693,5.82854677375934,6.23637589852415,6.50231307205087,6.76825024557759,7.01623243072188,7.26421461586617,7.60277182845794,7.9413290410497,8.08317665699451,8.22502427293932,8.36687188888413,8.45717323900279,9.01956486705457
101,5,3,"Conference","Scenario 3",4.68860358131322,4.94843105264494,5.20825852397666,5.46808599530837,5.58588384369702,5.70368169208566,5.8214795404743,6.05382078729933,6.68900958187219,7.08898437355606,7.48895916523992,7.497560996744,7.50616282824808,7.70859894947422,8.19350159844987,8.74299987207531,8.88371593333751,8.97908107961572,9.3555420776834,9.63577396366903
102,5,3,"Conference","Scenario 3",4.19129862641585,4.20989239214728,4.85237581355519,5.38862550728956,5.92487520102392,6.09717020909911,6.2694652171743,6.44176022524949,6.61405523332468,6.62717096458883,6.66723341827694,7.36458763926762,8.42942184574565,8.52840213527954,8.62738242481344,8.89413659346213,9.08085047037697,9.26756434729182,9.41486394993665,9.64605805718682
103,5,3,"Conference","Scenario 3",4.21560020687911,4.3888882569945,4.56217630710988,4.73546435722527,4.79944513760066,5.31039708971432,5.75544971388039,5.98727810629297,6.06762564769903,6.90638763746582,7.14364554769148,7.38090345791715,7.53248353432515,7.80458182025157,8.00242595213462,8.20027008401767,8.9652440409628,9.26797654764864,9.57070905433449,9.87344156102034
104,5,3,"Conference","Scenario 3",3.59884224931289,4.06007007741889,4.88275841715947,4.9174515593382,4.95214470151693,4.98683784369566,5.28851036399817,6.01707047663402,6.08642457150208,6.15577866637014,6.52262542109514,6.70405528593565,6.88548515077615,7.03123194841166,7.17697874604717,7.92207411937384,8.54035492985557,8.71886020041733,9.11309086181261,9.23443041084441
105,5,3,"Conference","Scenario 3",3.36104932088573,4.40489633310713,4.49918664565057,4.59347695819402,4.68194041390284,4.77040386961166,5.25473377191511,5.57761320793963,6.03478953144958,6.39115296241485,6.53202028217181,6.82305644120799,6.9145867139629,7.00611698671782,7.09764725947274,8.09577200303482,8.09708963856275,8.22934996690456,8.36161029524638,8.89141459036142
106,5,3,"Conference","Scenario 3",3.94049988211358,4.33219538280495,4.72389088349631,5.35611381632088,5.49092295149063,5.59875386165617,6.05469799648575,6.22576068138904,6.59377836604134,6.96179605069364,7.24687619798673,7.66749501891966,7.67330820973445,7.67912140054924,8.47791045541585,8.51529118970923,8.55267192400261,9.1483225815624,9.57386325098306,9.61839914256804
107,5,3,"Conference","Scenario 3",3.83834017083078,3.98028121572055,4.61677767506106,4.8379174407214,5.24921552703918,5.2727733765829,5.29633122612662,5.99358696931749,6.22599051382293,6.64146296070762,6.68575815469208,7.68502839205221,7.85114926684656,8.01727014164091,8.0693632970098,8.19918246234333,8.36525900870718,8.8158513348053,9.25697833764895,9.51990219749877
108,5,3,"Conference","Scenario 3",3.8659302726155,4.5452894240219,4.75172387685517,4.95815832968843,5.72876885458685,5.74975506377109,5.77074127295532,6.32229681517603,6.45233897737091,6.58238113956579,6.8165146962317,7.23520427271578,7.46591474123137,8.23647714200666,8.56919321840073,8.9019092947948,8.99208829399037,9.29372300296397,9.70436712058429,9.86517900054546
109,5,3,"Conference","Scenario 3",3.99586072415536,4.35161190523494,4.43867483754974,4.52573776986454,5.15152597146974,5.46071415411017,6.13580238802529,6.67912382207901,6.71326850978821,6.74741319749741,6.78155788520661,7.37090783011066,7.64547558811756,8.10442230414437,8.56336902017118,8.7930122058195,9.02265539146783,9.12555266090433,9.55244656981351,9.60100319806689
110,5,3,"Conference","Scenario 3",4.00439301617735,4.17491882694603,4.34544463771471,4.88545729112731,5.16297639819878,5.28759436569755,5.41221233319632,5.65193016325582,6.15434591359669,6.38369311682506,6.61719681799948,6.85070051917389,7.23351782766823,7.63895655941838,7.81183879881461,8.23927376012023,8.55164572282764,8.86401768553506,8.89941798839457,9.04798902850498
111,5,3,"Conference","Scenario 3",4.26612930012884,4.39750724330237,4.5288851864759,5.3270186850161,5.42413642111205,5.52125415720799,5.70280403683523,5.88435391646247,6.88925862891605,6.92723997229236,6.96522131566866,7.00320265904497,7.27393834621378,7.88917240995852,8.12156592531604,8.3215788667053,9.02318789622518,9.63251552169369,9.63251552169369,9.63251552169369
112,5,3,"Conference","Scenario 3",3.60046622961319,3.65862296812469,4.19240313252579,4.7345370327913,5.38154077264048,5.86009161013665,6.33864244763283,6.34315735189717,6.34767225616152,6.69132185555302,6.97486238916179,7.25810036045463,7.72803688778064,8.19797341510665,8.20738999637931,8.21680657765197,8.48669451490391,8.75658245215584,9.27471988312102,9.99746953671159
113,5,3,"Conference","Scenario 3",4.09838487997374,4.26243155454132,4.42647822910891,5.09269374582582,5.48028704461232,5.86788034339881,5.92679831653954,5.98571628968028,6.07358228904583,6.16144828841138,6.24931428777693,6.61675435296444,7.14300205629995,7.30101841107968,7.79425702967122,7.79471683892108,7.79517664817095,8.47463632625934,9.01530478633452,9.0165586532313
114,5,3,"Conference","Scenario 3",3.79799891852182,4.86512919224216,4.9430088142936,5.02088843634503,5.09876805839646,5.93426951500778,5.93776328736948,5.94125705973118,6.03907908034783,6.86524811245646,7.19381364226474,7.52237917207303,7.83527945264674,8.14817973322045,8.21013472160104,8.27208970998164,9.17349468047946,9.49627465412179,9.81905462776411,9.81905462776411
115,5,3,"Conference","Scenario 3",3.97132271138497,4.43671637931552,4.68177108698295,4.92682579465038,5.17188050231781,5.65737811856039,5.7657724643268,5.87416681009322,5.98256115585963,6.61561898243233,6.85416628453117,7.16897093277197,7.23108603001752,7.2763297652493,7.32157350048107,8.93474347661683,8.9904111309991,9.04607878538138,9.10174643976365,9.80314558668124
116,5,3,"Conference","Scenario 3",4.13462892013072,4.27040543147381,4.64554608533987,5.02068673920593,5.60503712755445,5.96903818962621,6.33303925169797,6.36024356653271,6.66700687204594,6.97377017755916,7.02147031249446,7.15483731436545,7.37730990802609,7.77820466400816,8.15377890263316,8.32691250033548,9.02900555915874,9.05711540753667,9.08522525591461,9.75178250942315
117,5,3,"Conference","Scenario 3",3.91534447938047,4.1908095426032,4.46627460582594,5.21462056568939,5.57889848087665,5.9431763960639,6.12061123450728,6.29804607295066,6.47548091139404,7.09017363612616,7.40104864384038,7.71192365155459,8.02279865926881,8.16150925687363,8.30021985447845,8.43893045208327,8.91834845532591,9.39776645856854,9.41542754738416,9.41542754738416
118,5,3,"Conference","Scenario 3",3.80336959800008,4.1880167378453,5.04053301921507,5.23903438673273,5.43753575425039,5.58191405945631,5.68918159576245,5.7964491320686,6.58622104831824,6.71550854920293,6.84479605008763,7.12692650272588,7.36748753514787,7.60804856756987,7.96557564510346,8.14614320594145,8.14930998948523,8.53346705141555,8.81352527169841,9.36478386368281
119,5,3,"Conference","Scenario 3",3.96437619993799,4.56815109990969,4.70249731822562,4.83684353654156,5.08894146328223,5.60010296336158,5.84487411041264,6.14900603066657,6.21534659400794,6.93830525310628,7.18190786397705,7.63334471194336,8.01190528696071,8.39046586197806,8.58069028851791,9.00447630091869,9.42826231331948,9.75231913387029,10.0763759544211,10.5042369695924
120,5,3,"Conference","Scenario 3",4.09345498779148,4.49262603502318,4.86873265852107,5.01268301691034,5.35688854637435,5.70109407583835,5.7520371872229,5.80298029860744,6.1853216230941,6.78245486651341,6.9381138783158,7.1901236700984,7.6888139171037,8.11823848915514,8.54766306120659,9.09671339726868,9.13694445700247,9.17717551673627,9.46141215415173,10.3550359136277
121,6,3,"Doyenne","Scenario 3",3.20298376737631,3.30243833799043,3.76167450948375,4.27034710639514,4.69680426760126,5.12326142880738,5.32607314519851,5.36220748804997,5.95241955978913,6.08672184846585,6.22102413714258,6.3553264258193,6.49746352102685,6.6396006162344,6.78173771144195,6.91081867637791,6.99118173460782,7.08594156675545,7.74757901311211,8.44317745013459
122,6,3,"Doyenne","Scenario 3",3.07675163522275,3.55062857585603,3.70885681840178,4.16544243656019,4.25809424894199,4.35074606132378,4.8722110588422,5.04615659774844,5.22010213665468,5.39404767556093,5.56799321446717,6.0803519846787,6.53486465297073,6.64720393005642,6.75954320714211,6.87188248422781,6.9842217613135,7.16626414913712,7.30895279212444,7.55335288057687
123,6,3,"Doyenne","Scenario 3",3.19188459791127,3.91057241347605,4.3773139530695,4.47896549121032,4.58061702935114,4.79771247361003,4.88313270958465,5.5510953048509,5.66977565928188,5.78845601371286,6.05788292762691,6.4272365633754,6.59165302712076,6.75606949086611,6.9729185094057,7.18976752794529,7.45386045907315,7.71795339020101,7.82644562248915,7.9485739307568
124,6,3,"Doyenne","Scenario 3",3.39400206000395,3.70249662764807,3.78781197204315,3.87312731643823,4.65774552973354,4.74458030453198,4.83141507933042,4.91824985412885,5.02099912385699,5.12374839358514,5.50744108542541,6.12399251540478,6.22604624697547,6.9857295301018,7.05981866138827,7.13390779267474,7.25541005174312,7.78010930211415,7.91432682343487,7.91432682343487
125,6,3,"Doyenne","Scenario 3",2.8236761642674,3.39639714911374,3.88099426905885,3.90264634869286,3.92429842832688,4.20639233552221,4.3017460350068,4.64365439927162,4.98556276353644,5.43780084777784,5.58317870147075,6.15252886213547,6.7218790228002,6.75104234309704,6.78020566339389,7.03842332287086,7.29664098234782,7.55485864182479,7.55485864182479,7.55485864182479
126,6,3,"Doyenne","Scenario 3",3.24764734543918,3.769028560502,3.82307894521798,3.87712932993397,3.93117971464995,4.30473383596634,4.84182985301622,5.01118148427524,5.18053311553426,5.2184225849633,5.25631205439233,5.63617799979389,6.49330269953465,6.63792899103176,6.78255528252886,NA,NA,NA,NA,NA
127,6,3,"Doyenne","Scenario 3",3.74403215177714,3.84011546331044,3.93619877484375,4.03228208637705,4.12836539791036,4.22444870944366,4.93665951804585,5.15215280244062,5.27701760473523,NA,NA,NA,NA,NA,NA,NA,NA,NA,NA,NA
128,6,3,"Doyenne","Scenario 3",3.44686052589051,3.77538105362036,4.16743182758303,4.30967410498911,4.4519163823952,4.59415865980128,4.73640093720736,5.71667735405318,5.86628568349473,6.01589401293628,6.16550234237783,6.31511067181938,6.46471900126093,6.65059105924092,6.87827214241408,6.94796426376883,7.01765638512357,7.08734850647832,7.52427004551547,7.54915559118956
129,6,3,"Doyenne","Scenario 3",3.70145975473828,3.80948117530417,3.91750259587006,4.02552401643595,4.48474081557001,4.56809521524282,4.65144961491564,5.40944172729356,5.48739728301114,5.56535283872873,5.64330839444631,5.75035456429539,5.94496846744497,6.54279234628233,6.80632190430847,6.91098453816261,7.01564717201675,7.21410198484317,7.41255679766959,7.90663204739057
130,6,3,"Doyenne","Scenario 3",3.49798985976893,3.55990525681004,3.62182065385115,3.68373605089226,3.76341234988742,4.43040969896189,4.67733631218734,4.92426292541279,5.0145350567474,5.49415295889346,5.79984092536116,5.98354226253035,6.16724359969953,6.35002052764953,6.65489239968076,7.12300657305232,7.13552737830023,7.14804818354814,7.81570461189126,8.24723753267097
131,6,3,"Doyenne","Scenario 3",3.06944372291648,3.47980413404413,3.67874595995488,4.88059987526115,4.96358089067593,5.04656190609072,5.10958300009369,5.17260409409666,6.03944744617319,6.10072853218718,6.16200961820117,6.79682340897262,6.85177547602154,7.29862427062441,7.38643981545957,7.47425536029472,7.56207090512988,8.17895156562568,8.17895156562568,8.17895156562568
132,6,3,"Doyenne","Scenario 3",3.50369940767543,3.56331037808336,3.62292134849129,3.68253231889922,4.23911007812336,4.47853950836811,4.71796893861286,4.95739836885761,5.28928497846159,5.62117158806556,5.68141297087435,5.74165435368313,6.10082832686226,6.41945277345353,6.57295076780237,6.72644876215121,7.26100296041624,7.34156853476856,7.50556386036801,7.66955918596747
133,6,3,"Doyenne","Scenario 3",3.53099466334149,3.62945605360093,3.72791744386038,4.22100799591953,4.63269485104246,4.71442033055087,4.79614581005928,4.8778712895677,5.85107328820713,6.12717592671084,6.40327856521456,6.67938120371827,6.95548384222198,6.9954613199829,7.03543879774381,7.07541627550473,7.22341781254203,7.37141934957934,7.89630663662009,7.89630663662009
134,6,3,"Doyenne","Scenario 3",3.18942944447971,4.20901652203826,4.31610515908711,4.42319379613595,4.53932593075281,4.65545806536967,4.77159019998653,4.88772233460339,5.52218387893898,5.6667506692587,5.81131745957843,5.9273275653946,6.04333767121078,6.15934777702696,6.89868631801572,6.94816509316459,6.99764386831347,7.02414956726717,7.17142200443815,7.77917786455782
135,6,3,"Doyenne","Scenario 3",3.1680481284995,3.23638639420505,3.81499231022919,3.82067797932925,3.87105214877022,4.46504600824975,4.80539373060612,5.14574145296248,5.42518504532733,5.70462863769218,5.76325890617878,5.86903882470965,NA,NA,NA,NA,NA,NA,NA,NA
136,6,3,"Doyenne","Scenario 3",3.01714199345148,3.94374820510338,4.21870394513692,4.49365968517047,4.76861542520402,5.04357116523757,5.06836081990762,5.09315047457766,5.1179401292477,5.14272978391775,5.86538099732208,6.29768753419992,6.49052676751394,6.68336600082796,6.76087492378433,6.8383838467407,7.318753674455,7.5392549002751,7.62050066007105,7.70174641986699
137,6,3,"Doyenne","Scenario 3",2.97681139191881,3.5718511162655,3.68005233328209,3.78825355029868,4.39580613439313,4.91848871180824,5.00342980918402,5.0883709065598,5.31341159411674,5.53845228167368,5.61646070197965,5.69446912228563,6.21737095527022,6.55260288029823,6.64927527292776,6.65698036009391,7.82888571099247,7.82888571099247,7.82888571099247,7.82888571099247
138,6,3,"Doyenne","Scenario 3",3.14507326437919,3.43351031811189,3.85602461039445,4.27853890267701,4.42124923215885,4.62695673767843,4.83266424319801,4.96968129246764,5.10669834173728,5.87311944697619,5.99365514684701,6.11419084671783,6.23472654658865,6.35526224645947,6.50381393972936,6.65236563299925,7.74292809001758,7.74292809001758,7.74292809001758,7.74292809001758
139,6,3,"Doyenne","Scenario 3",3.39104396550199,3.58216154247897,3.72161493510944,3.86106832773991,4.2789501336388,4.66581967646297,4.73832117945843,4.81082268245389,4.88332418544935,5.32408389088102,5.66336793916564,6.00265198745026,6.035769970973,6.06888795449575,6.10200593801849,6.94643793488864,7.10787299589623,7.26930805690382,7.43074311791141,7.45878372966193
140,6,3,"Doyenne","Scenario 3",3.17489745967882,3.48526680747791,3.89547726514352,4.02380975636565,4.15214224758778,4.2804747388099,4.85985292795364,5.13626819618464,5.41268346441565,5.62928058818652,5.84817543357555,5.98960613627471,6.02719991590594,6.20276399682257,6.5169271455055,6.58631936801114,6.9655161372227,7.27380977986847,7.58210342251425,7.74527192986574
141,6,3,"Doyenne","Scenario 3",3.36422635683013,3.41851278709917,3.4727992173682,3.62877988531328,4.04144494495037,4.45411000458746,4.60958889148322,4.76506777837898,4.92054666527473,4.94071614815623,4.96088563103773,4.96726531693701,5.80002540491509,5.83424880112593,6.09625307559072,6.15742788531137,6.21860269503202,6.44676662870389,7.19346495047921,7.19346495047921
142,6,3,"Doyenne","Scenario 3",3.19409920196297,3.74578351914302,3.78824703945428,3.83071055976555,NA,NA,NA,NA,NA,NA,NA,NA,NA,NA,NA,NA,NA,NA,NA,NA
143,7,4,"Conference","Scenario 4",3.99271975026629,4.50554092288574,5.01836209550519,5.1668562590628,5.51151674713083,5.85617723519885,6.14908335994584,6.76512692121224,7.38117048247864,7.38534813356555,7.38952578465246,7.39370343573938,8.2587905670104,8.48608484309947,8.97214152666379,9.11864687336198,9.19246766657644,9.86192513934832,10.3458779691318,10.8298307989152
144,7,4,"Conference","Scenario 4",3.91133304640435,4.02062929139708,4.21354813304146,4.4813812481989,4.76026102767199,5.55238279360061,5.92203608503804,6.3252414497291,6.72844681442017,7.13165217911124,7.18997662822711,7.58592674715639,7.98187686608566,8.24875203204108,8.51562719799649,8.71598069261751,8.98889340616824,9.26180611971898,9.57928992506234,9.62792265668669
145,7,4,"Conference","Scenario 4",4.45105563509677,4.63848055887555,4.72951585661077,4.91888958722336,5.3856824430739,5.87806951676841,6.14455838325548,6.43480997580461,6.72506156835373,7.00481767064082,7.36491973818925,7.72502180573769,8.22950900929667,8.48165126882866,8.73379352836066,8.83235365187587,9.11335337909535,9.36786277869202,9.83786067604113,10.4622678384493
146,7,4,"Conference","Scenario 4",4.26230214864267,4.70533247789029,5.06988061425926,5.15430813718876,5.23873566011827,5.68538995768327,5.88539038807034,6.1779146526473,7.01808031587653,7.22926377121458,7.24281116520871,7.71781107302831,8.07767292432974,8.48830311818667,8.91504859094687,9.13038765019711,9.34572670944734,9.82511133148891,9.9655000809874,10.4935478992624
147,7,4,"Conference","Scenario 4",4.36042828104845,4.75375277108039,5.14707726111234,5.33126045325121,5.51544364539009,5.69962683752897,5.9390259206961,6.17842500386323,6.3259127035183,6.9313481803416,7.05055026323579,7.37425254125858,7.54454491142086,7.81340683251269,8.63356029423983,8.98176412143973,9.32996794863963,9.40296737512226,10.2486718092886,10.2486718092886
148,7,4,"Conference","Scenario 4",3.59213167208928,4.04425914678868,4.23709537985214,5.00829914965691,5.04642718654113,5.08455522342536,5.34848540823193,6.00286584554408,6.204941757903,6.40701767026193,6.42424900656103,6.64070250716878,7.14529235752823,7.47558795692779,8.47109757310366,8.53187588426227,8.59265419542088,8.72836274673145,8.87721331519186,9.02606388365227
149,7,4,"Conference","Scenario 4",3.69435974194355,4.46203092858293,4.73083237714631,4.80938793638609,5.17740487639377,5.42848066196518,5.54420379484741,5.93551086411261,6.92961299553357,7.02584703660221,7.12208107767085,7.5895119807834,7.83676604104849,7.87138004436047,8.43780857886775,8.71150509097309,8.98922796963285,9.25647686528697,9.52372576094108,10.2734397469546
150,7,4,"Conference","Scenario 4",4.14352945563375,4.41922808453645,4.617099496306,5.01468048707953,5.6133626143734,5.6838759524565,5.73878715652975,6.5906217737031,6.98944622846068,7.38827068321827,7.55456896413436,8.01140201385878,8.16265992293751,8.42394557262596,8.52112816043609,8.89873037403226,9.67234424268488,9.92717460225542,10.7110695787484,10.7110695787484
151,7,4,"Conference","Scenario 4",3.84266671176106,4.03283614146246,5.21726774726963,5.44164681218073,5.66602587709183,5.84956015771887,6.0330944383459,6.61613252245003,7.02805953872591,7.03905801678598,7.05005649484605,8.25352022684216,8.3782153685653,8.50291051028843,8.62760565201156,8.84926356185175,9.50670319481596,9.96756773866944,10.628412906984,10.628412906984
152,7,4,"Conference","Scenario 4",3.85128903912604,4.27467922844304,4.75106493582731,5.13685990085046,5.21252932409984,5.74403054303768,6.123799939939,6.50356933684032,6.82687546827205,6.96166379644243,7.0964521246128,7.31658778565199,8.22116955215366,8.25086724521653,8.2805649382794,8.31026263134226,8.5078403810844,9.02588814349012,9.73466532483552,9.89691058357919
153,7,4,"Conference","Scenario 4",4.44866005455442,4.72453418774532,5.00040832093621,5.08599839394298,5.60514133708968,6.02646492612848,6.05928660957011,6.92043412614685,7.25178661797954,7.28741165257452,7.3230366871695,7.57043236659251,7.72211884948813,8.66863416764016,8.83446790830164,9.00030164896311,9.3723343705437,9.68943779377071,10.3145450074542,10.3145450074542
154,7,4,"Conference","Scenario 4",3.69428374789818,4.01873942709976,4.51359999019495,5.07002537964975,5.47466571147848,5.57668543328205,6.26262291576921,6.55300856702328,6.84339421827736,7.13377986953143,7.40960318290629,7.59365906773329,7.62050045176223,8.07133089181923,NA,NA,NA,NA,NA,NA
155,7,4,"Conference","Scenario 4",3.84645828369796,3.99334683953342,4.96649408296058,5.1226627822004,5.27883148144021,5.7162549180127,6.28053007167663,6.56151279288794,6.84249551409925,7.337304590961,7.37516222420635,7.4062108240125,7.57214285322803,8.47871898615517,8.76980298793798,9.06088698972078,9.34185479691447,9.62282260410815,9.90379041130183,9.90379041130183
156,7,4,"Conference","Scenario 4",4.23713104691514,4.57030371709304,4.90347638727094,5.17908287263163,5.45468935799231,5.53853095642613,6.16020363347279,6.24376145704555,6.98517121350142,7.62611776288105,8.10256204516469,8.24790493910768,8.3556961446018,8.46348735009592,9.05217608667823,9.36478065453385,9.76933584300991,9.93022494334348,9.95493522277568,10.2847361119975
157,7,4,"Conference","Scenario 4",3.81368980406989,4.5955110703062,4.9564756170025,5.31744016369879,5.67840471039508,5.7627972102938,5.84718971019251,5.93158221009123,6.01597470998994,6.96449865361383,7.1869650930469,7.40943153247997,7.85037127492438,8.01280797658626,8.17524467824814,9.20171317833474,9.46481689955173,9.72792062076872,9.99102434198571,10.2541280632027
158,7,4,"Conference","Scenario 4",4.0783538571328,4.54899774747072,4.62842058177205,4.89937132979266,5.17032207781327,5.73135565439436,6.01877822619411,6.30620079799387,6.39204382646574,6.55611488858578,6.79685940537289,7.77525384339672,8.0890737053714,8.14901268202356,8.30335174509706,8.54775046393664,8.71994019850432,9.31693327986899,9.49421779844489,10.323769924664
159,7,4,"Conference","Scenario 4",3.2965047882418,4.14474383834603,4.81551620391441,4.84212935758901,4.86874251126361,5.25250665454208,5.51882518419068,5.68324583960585,6.34070711589123,6.99816839217661,7.25610995664187,7.44370006427993,7.62771485364881,7.81172964301769,8.15250854066921,8.51048167032432,9.11248694019566,9.21056651136144,9.30864608252723,9.41902086005499
160,7,4,"Conference","Scenario 4",3.73063701470542,4.33200835584609,5.06458166513784,5.35349311286012,5.42564092829732,5.49778874373452,6.08789639990481,6.30032472584215,6.96217095241923,7.02250244688518,7.08283394135112,8.27654606434003,8.44114678445409,8.60574750456816,8.77034822468223,8.94682876151179,9.18007874052588,9.22910600647941,9.62590906023578,10.063776223231
161,7,4,"Conference","Scenario 4",4.43324572585868,4.68598912571084,4.93873252556301,5.30511405321506,5.48510447170911,5.71992238780549,5.95474030390187,6.7337274349862,7.17962947805886,7.39301563350357,7.64730489513025,7.90849809980971,8.26360229414631,8.61870648848291,8.8501986738713,9.57125907674028,9.74319187064731,9.91512466455434,10.1492913045442,10.383457944534
162,7,4,"Conference","Scenario 4",4.39107544329351,4.47935367335127,4.80511367586343,5.10495752073797,5.58269256253989,6.13072745712917,6.42917638687311,6.8669248691228,7.2898471081883,7.50918905234291,7.72853099649752,7.94787294065214,8.22683407947045,8.41375696163677,8.77924915328834,9.3030424019767,9.39770973982967,10.0909333474279,10.8052231611189,10.8052231611189
163,7,4,"Conference","Scenario 4",4.25592963651446,4.6750647202341,5.0023899067415,5.13994475032906,5.27749959391662,5.52623094049194,5.90110995780954,5.97094478043877,6.69765803178568,7.35113559186767,7.52238536965744,7.72616601992893,7.98351434513252,7.99433406956874,9.31332398077362,9.33873571783111,9.36414745488861,9.3895591919461,10.2290785407795,10.2290785407795
164,7,4,"Conference","Scenario 4",4.41518964904575,4.52890143357142,4.86475016310382,5.20059889263622,5.81917461848705,6.18335881654633,6.54754301460561,6.63202890584567,6.71651479708573,6.81604351026449,7.15337216566275,7.64679863529334,8.00226914021587,8.14200845211589,8.47852267030157,9.22622251116216,9.30437044106601,9.38251837096986,9.71424764291152,10.1664951547316
165,7,4,"Conference","Scenario 4",4.38916682596523,4.5119517537129,4.63473668146057,4.8018963229922,4.8201888607696,5.31429946804189,6.59797201705163,6.65509114872104,6.71221028039045,6.76932941205985,6.82644854372926,7.23881023854932,7.82263920006822,7.90857738518143,7.99451557029463,8.49887615316437,8.74082663414651,9.00229924197417,9.435957075455,9.86961490893584
166,7,4,"Conference","Scenario 4",4.3135657880047,4.48491056913058,4.65625535025647,5.0070531575638,5.16366228972811,5.61772417477843,5.93349600090837,6.20194190491877,6.47038780892917,6.55807798438561,7.08154787361698,7.28926172441362,7.36589408559426,8.3634970148285,9.06192964065477,9.15861033006788,9.25529101948099,9.35197170889411,9.44858110348236,9.91742884180932
167,7,4,"Conference","Scenario 4",4.15603445335336,4.39993775202417,4.64384105069498,4.73907912964329,4.83431720859159,5.46221268088638,5.81657012449957,6.25497730288258,6.67058025501073,7.08618320713888,7.90207312688215,7.92556121829116,7.94904930970016,7.97253740110916,8.43982002149376,8.83543236951092,9.36036394104498,9.37978036896857,10.0191720993093,10.156270255692
168,7,4,"Conference","Scenario 4",3.72302525993454,4.25371952194547,4.72173959782008,5.18975967369469,5.27601446205256,5.36226925041043,5.86813187768869,5.88276490800408,5.89739793831947,7.03003138967202,7.29953680411688,7.54993270056237,7.60864928833761,7.89811612744035,8.18758296654309,8.84230182366939,9.4970206807957,9.7875067844719,10.0779928881481,10.3684789918243
169,7,4,"Conference","Scenario 4",4.22024869349857,4.43962758945431,4.6741526391949,4.9086776889355,5.57206840856776,5.88859479236253,6.16160228895051,6.33622696146959,NA,NA,NA,NA,NA,NA,NA,NA,NA,NA,NA,NA
170,7,4,"Conference","Scenario 4",3.66267628670343,4.52514629866293,4.82171864746445,5.00024303962832,5.17876743179219,5.60489538900192,6.03102334621164,6.1296347608407,6.13817741498688,7.0125130527476,7.17933840568358,7.34616375861956,7.64600164763736,7.70576505312811,7.87860965303827,8.05939446379766,9.07329638801444,9.31455304614843,9.36855034208197,9.4225476380155
171,8,4,"Doyenne","Scenario 4",3.63624318076336,3.72656748423205,3.8629934508407,3.99941941744936,4.37173805480297,4.74405669215658,5.1163753295102,5.26556906536515,5.4147628012201,5.5050930705152,5.90223714703597,6.20437459865304,6.48291291027001,6.61218729291992,7.0392393650604,7.25970744565176,7.4077874288979,7.85245176559259,8.23338828521229,8.61432480483199
172,8,4,"Doyenne","Scenario 4",3.58520021916706,3.90145846535787,4.21771671154868,4.4719817920208,4.72624687249292,4.9191644373975,5.11208200230208,5.64374112860636,5.86997804540419,6.09621496220202,6.32245187899984,6.54868879579767,6.63778876313255,6.72688873046743,7.02043530797646,7.79107435142796,7.82933681724455,8.50707393977736,8.50707393977736,8.50707393977736
173,8,4,"Doyenne","Scenario 4",3.32579999215531,3.7322696580687,4.00703064570322,4.56797063259165,4.59188288633792,5.45708647340112,5.50146512743275,5.54584378146438,5.65576512173756,5.76568646201074,6.36635580791242,6.59771561933567,6.84652233396914,7.09532904860261,7.42405125584304,7.56307412614431,7.81198781756109,8.53922084645223,8.60441816007086,9.28948143073576
174,8,4,"Doyenne","Scenario 4",3.4808371593004,3.85943620999001,4.15574475581608,4.54136441184899,4.68045054092122,4.81953666999344,5.44557217507193,5.49050395866208,5.53543574225223,5.81390715302093,5.82961288088484,6.26442204289481,7.08471705605438,7.67301377810307,7.95763272061691,8.24225166313075,8.52687060564459,8.54351749922738,8.56016439281017,8.57681128639297
175,8,4,"Doyenne","Scenario 4",3.29792950291883,3.57334487861083,3.62744584011126,4.53646128466688,4.90943283896414,4.97181330531638,5.07140746363359,5.32652429285049,5.58164112206739,5.62026084876475,6.67850892932749,6.73249550931486,6.78648208930223,6.98280318849987,7.04049262601819,8.03477931152881,8.35867263003284,8.68256594853687,9.05852405746876,9.05852405746876
176,8,4,"Doyenne","Scenario 4",3.26404627204391,3.31317885716249,3.36231144228108,4.23181437659168,4.3010947736661,NA,NA,NA,NA,NA,NA,NA,NA,NA,NA,NA,NA,NA,NA,NA
177,8,4,"Doyenne","Scenario 4",3.40149748663482,3.4306188669874,3.90163295931876,4.28410679667059,4.44210534797785,5.21499402976081,5.86603215270942,5.96148563861726,6.05693912452509,6.13084105578002,6.31143112093387,6.77350817637842,6.80266563357358,7.28055984815229,7.40150064632628,7.85956006874151,7.96670336556772,8.02312193991876,8.33725735305547,8.58317554458714
178,8,4,"Doyenne","Scenario 4",2.91122355350421,3.12441121263014,4.63741158895094,4.72684303528017,5.29920580949182,5.43155574594751,5.5639056824032,5.69625561885889,5.82860555531459,6.1910161407195,6.55342672612441,7.1888287798925,7.19604771137781,7.20326664286313,7.35605190210719,7.60777921038825,8.07424318909781,8.44889220249242,8.51265993817956,8.54874153760305
179,8,4,"Doyenne","Scenario 4",3.56661420592035,3.6703058555031,3.77399750508585,3.8528980657834,4.24954172375665,4.60895723134341,5.35191077309937,5.66254044086982,5.97317010864028,6.18709436784335,6.40101862704643,6.6149428862495,6.77795913598832,6.94097538572713,7.10399163546595,7.81557995334547,7.87560406348489,7.93562817362431,7.99565228376373,8.45240127313069
180,8,4,"Doyenne","Scenario 4",3.72396388957883,3.8025149812174,4.19154061162713,4.58056624203687,4.72851480002858,4.87646335802029,4.88966299590182,4.90286263378334,5.89373777454528,6.02243946494495,6.15114115534462,6.85179430009164,6.89601022444374,6.94022614879584,7.38641820112226,7.69904194681468,7.92692365406941,8.15480536132414,8.38268969295199,8.61057402457983
181,8,4,"Doyenne","Scenario 4",3.05931364622667,3.84148819617985,3.88522896942467,4.60736576196577,5.49640765554582,5.57407741397052,5.65174717239522,5.72941693081993,5.80708668924463,6.18310413765362,6.88786634297948,7.05876130614583,7.22965626931219,7.24679012800485,7.26392398669751,7.86098071469359,7.86255473238855,8.47375296737603,8.84078647211608,9.20781997685614
182,8,4,"Doyenne","Scenario 4",3.7865381150372,3.84716193349066,4.04314067249635,4.23911941150205,4.61354407121582,5.12121123341555,5.62887839561527,5.87496552803809,6.12105266046092,6.3927337341993,6.56849998539618,6.74426623659305,7.08709145796701,7.59915829240517,7.97954588403232,7.99185554090136,8.0041651977704,8.30416600813281,8.79037431244247,9.29278859250694
183,8,4,"Doyenne","Scenario 4",3.01288940026471,3.63126550735526,3.88935644789491,4.43877077304558,4.53833653131593,5.04641293931743,5.28479413989641,5.52317534047538,5.68462803731306,6.17361843824565,6.22621870569721,6.27881897314876,6.62787512346955,6.88708706609582,7.09106534424036,7.23985604893073,7.54572718713647,7.93246994314279,8.79369742315679,8.79369742315679
184,8,4,"Doyenne","Scenario 4",3.35167749989921,4.27059233029536,4.39694224378131,4.79609457721575,5.19524691065019,5.25828088825678,5.32131486586337,5.74018944601215,6.27209999044706,6.60953699515788,6.99287604230798,7.37621508945808,7.40703840194714,7.4378617144362,8.03297033062162,8.1928392016802,8.38201909662291,8.63944367808965,8.89686825955638,9.15429284102312
185,8,4,"Doyenne","Scenario 4",3.44625304370348,3.70735134970984,3.9684496557162,4.1764967660193,4.67395577891156,5.17141479180382,5.27736471242187,5.38331463303992,5.74130608826695,5.85047302446693,6.36620886031704,7.00750515325763,7.05066501314156,7.09382487302549,7.38705425102662,7.69292448486301,7.83077536743778,8.28598224181618,8.55339860394341,8.55339860394341
186,8,4,"Doyenne","Scenario 4",3.57598657557869,4.09756425475829,4.10983560664869,4.12210695853908,4.81180658935083,4.86557283930417,5.25884412184981,5.50162717444639,5.70343145401604,6.00219426549179,6.30095707696753,6.59971988844328,6.66676117569784,6.7338024629524,6.80084375020695,7.00193759083869,7.62012227273628,8.00417103417223,8.22489769792233,8.44562436167242
187,8,4,"Doyenne","Scenario 4",2.69404086887648,3.39314005435321,3.68512660978155,NA,NA,NA,NA,NA,NA,NA,NA,NA,NA,NA,NA,NA,NA,NA,NA,NA
188,8,4,"Doyenne","Scenario 4",3.31796164298774,3.97197950988497,4.11281620933073,4.25365290877648,4.39448960822224,4.67827795579337,4.99179615359682,5.33007335982035,5.38865892334529,5.44724448687024,5.85441451042743,6.30091103596382,7.1195906515708,7.25952623549609,7.39946181942138,7.53939740334668,7.67933298727197,7.81926857119726,7.97242678119864,8.54124402719404
189,8,4,"Doyenne","Scenario 4",3.73472080574291,3.80746383180763,3.88020685787235,4.68020714771365,4.90307093171203,5.12593471571041,5.53665148984799,5.77321337842935,6.00977526701071,6.29791551713016,6.58605576724961,6.65649453023325,6.95596059287906,7.46483307098318,7.47492202262749,8.31935876926892,8.57233360364448,8.82530843802005,8.87159004754519,8.91787165707033
190,8,4,"Doyenne","Scenario 4",2.977811515539,3.31795929265409,4.31161171305166,4.43198316189169,4.55235461073172,4.67272605957175,5.05055137605136,5.27492774728037,NA,NA,NA,NA,NA,NA,NA,NA,NA,NA,NA,NA
191,8,4,"Doyenne","Scenario 4",3.20549959958428,3.48656096158457,4.14307263350286,4.25185712878566,4.4412239743343,4.63059081988295,5.03218852900921,5.24769583274963,5.58531516847008,6.37644047484102,6.44218329201473,6.50792610918845,6.57366892636216,6.83351345966385,7.09335799296553,7.35932736230167,7.67623289664903,7.99313843099639,7.99313843099639,7.99313843099639
192,8,4,"Doyenne","Scenario 4",3.8450669799595,3.95444750469773,4.06382802943595,4.17320855417417,5.13169855356192,5.30794546464542,5.48419237572893,5.66043928681243,5.87840277999605,6.09636627317966,6.16344258938935,6.16392719015957,6.66539290441892,7.07592869296245,7.17938136596785,7.40626603531805,7.8194517447978,8.15791393928308,8.36609521445249,8.4547289039445
